{
    "Ambalantota": [6.107647576360852, 81.05029286051283],
    "Arugam Bay": [6.81607800117203, 81.8232377069113],
    "Chilaw": [7.613447600108512, 79.7982666610457],
    "Colombo": [6.979094803911703, 79.86979574279339],
    "Gintota": [6.06281446318493, 80.17408845037367],
    "Kalkudah": [7.940520517524321, 81.55139931294406],
    "Kalutara": [6.586233701047157, 79.95717564003346],
    "Kirinda": [6.194772632777804, 81.29341879397064],
    "Kochchikade": [7.272648499907399, 79.84288403277398],
    "Kokkilai": [9.016296922963633, 80.88567631969876],
    "Matara": [5.94125560680328, 80.53812578991025],
    "Negombo": [7.206810419406433, 79.82769525874056],
    "Pulmoddai": [8.918316148045907, 81.01609289069512],
    "Puttalam": [8.101974738017296, 79.81546247103633],
    "Trincomalee": [8.53304284725816, 81.26385044889133],
    "Vankalai": [8.802644113443238, 79.91839691571735],
    "Yala": [6.364615249121397, 81.53804157548875]
}   